code,name,official_class_code,official_class_name,primary_cluster,primary_cluster_name,cross_tags,official_note
080101,理论与应用力学,0801,力学类,engineering_mechanics_simulation,工程力学、仿真与基础建模类,仿真;力学;数学建模;工程分析,可授工学或理学学士学位
080102,工程力学,0801,力学类,engineering_mechanics_simulation,工程力学、仿真与基础建模类,仿真;力学;数学建模;工程分析,
080201,机械工程,0802,机械类,mechanical_vehicle_manufacturing,机械、车辆与智能制造类,机械设计;制造;车辆;装备;智能制造,
080202,机械设计制造及其自动化,0802,机械类,mechanical_vehicle_manufacturing,机械、车辆与智能制造类,机械设计;制造;车辆;装备;自动化控制;机器人/智能装备;智能制造,
080203,材料成型及控制工程,0802,机械类,mechanical_vehicle_manufacturing,机械、车辆与智能制造类,机械设计;制造;车辆;装备;自动化控制;机器人/智能装备;材料科学;工艺研发,
080204,机械电子工程,0802,机械类,mechanical_vehicle_manufacturing,机械、车辆与智能制造类,机械设计;制造;车辆;装备;电子信息;半导体;信号处理;智能制造,
080205,工业设计,0802,机械类,mechanical_vehicle_manufacturing,机械、车辆与智能制造类,机械设计;制造;车辆;装备,
080206,过程装备与控制工程,0802,机械类,mechanical_vehicle_manufacturing,机械、车辆与智能制造类,机械设计;制造;车辆;装备;自动化控制;机器人/智能装备;智能制造,
080207,车辆工程,0802,机械类,mechanical_vehicle_manufacturing,机械、车辆与智能制造类,机械设计;制造;车辆;装备;智能制造,
080208,汽车服务工程,0802,机械类,mechanical_vehicle_manufacturing,机械、车辆与智能制造类,机械设计;制造;车辆;装备;智能制造,
080209T,机械工艺技术,0802,机械类,mechanical_vehicle_manufacturing,机械、车辆与智能制造类,机械设计;制造;车辆;装备;智能制造,
080210T,微机电系统工程,0802,机械类,mechanical_vehicle_manufacturing,机械、车辆与智能制造类,机械设计;制造;车辆;装备;智能制造,
080211T,机电技术教育,0802,机械类,mechanical_vehicle_manufacturing,机械、车辆与智能制造类,机械设计;制造;车辆;装备;智能制造,
080212T,汽车维修工程教育,0802,机械类,mechanical_vehicle_manufacturing,机械、车辆与智能制造类,机械设计;制造;车辆;装备;智能制造,
080213T,智能制造工程,0802,机械类,mechanical_vehicle_manufacturing,机械、车辆与智能制造类,机械设计;制造;车辆;装备;智能制造,
080214T,智能车辆工程,0802,机械类,mechanical_vehicle_manufacturing,机械、车辆与智能制造类,机械设计;制造;车辆;装备;智能制造,
080215T,仿生科学与工程,0802,机械类,mechanical_vehicle_manufacturing,机械、车辆与智能制造类,机械设计;制造;车辆;装备,
080216T,新能源汽车工程,0802,机械类,mechanical_vehicle_manufacturing,机械、车辆与智能制造类,机械设计;制造;车辆;装备;智能制造;能源电力;新能源,
080217T,增材制造工程,0802,机械类,mechanical_vehicle_manufacturing,机械、车辆与智能制造类,机械设计;制造;车辆;装备;智能制造,
080218T,智能交互设计,0802,机械类,mechanical_vehicle_manufacturing,机械、车辆与智能制造类,机械设计;制造;车辆;装备,
080219T,应急装备技术与工程,0802,机械类,mechanical_vehicle_manufacturing,机械、车辆与智能制造类,机械设计;制造;车辆;装备;智能制造;安全合规;公共安全,
080220T,农林智能装备工程,0802,机械类,mechanical_vehicle_manufacturing,机械、车辆与智能制造类,机械设计;制造;车辆;装备;自动化控制;机器人/智能装备;智能制造,
080221T,真空工程与技术,0802,机械类,mechanical_vehicle_manufacturing,机械、车辆与智能制造类,机械设计;制造;车辆;装备,
080301,测控技术与仪器,0803,仪器类,instrumentation_sensing_measurement,仪器、测控与智能感知类,测控;传感器;硬件;数据采集;自动化控制;机器人/智能装备,
080302T,精密仪器,0803,仪器类,instrumentation_sensing_measurement,仪器、测控与智能感知类,测控;传感器;硬件;数据采集,
080303T,智能感知工程,0803,仪器类,instrumentation_sensing_measurement,仪器、测控与智能感知类,测控;传感器;硬件;数据采集;自动化控制;机器人/智能装备,
080401,材料科学与工程,0804,材料类,materials_semiconductor_new_energy,材料、半导体材料与新能源材料类,材料;半导体;新能源;工艺;材料科学;工艺研发,
080402,材料物理,0804,材料类,materials_semiconductor_new_energy,材料、半导体材料与新能源材料类,材料;半导体;新能源;工艺;材料科学;工艺研发,可授工学或理学学士学位
080403,材料化学,0804,材料类,materials_semiconductor_new_energy,材料、半导体材料与新能源材料类,材料;半导体;新能源;工艺;材料科学;工艺研发,可授工学或理学学士学位
080404,冶金工程,0804,材料类,materials_semiconductor_new_energy,材料、半导体材料与新能源材料类,材料;半导体;新能源;工艺;材料科学;工艺研发,
080405,金属材料工程,0804,材料类,materials_semiconductor_new_energy,材料、半导体材料与新能源材料类,材料;半导体;新能源;工艺;材料科学;工艺研发,
080406,无机非金属材料工程,0804,材料类,materials_semiconductor_new_energy,材料、半导体材料与新能源材料类,材料;半导体;新能源;工艺;材料科学;工艺研发,
080407,高分子材料与工程,0804,材料类,materials_semiconductor_new_energy,材料、半导体材料与新能源材料类,材料;半导体;新能源;工艺;材料科学;工艺研发,
080408,复合材料与工程,0804,材料类,materials_semiconductor_new_energy,材料、半导体材料与新能源材料类,材料;半导体;新能源;工艺;材料科学;工艺研发,
080409T,粉体材料科学与工程,0804,材料类,materials_semiconductor_new_energy,材料、半导体材料与新能源材料类,材料;半导体;新能源;工艺;材料科学;工艺研发,
080410T,宝石及材料工艺学,0804,材料类,materials_semiconductor_new_energy,材料、半导体材料与新能源材料类,材料;半导体;新能源;工艺;材料科学;工艺研发,
080411T,焊接技术与工程,0804,材料类,materials_semiconductor_new_energy,材料、半导体材料与新能源材料类,材料;半导体;新能源;工艺,
080412T,功能材料,0804,材料类,materials_semiconductor_new_energy,材料、半导体材料与新能源材料类,材料;半导体;新能源;工艺;材料科学;工艺研发,
080413T,纳米材料与技术,0804,材料类,materials_semiconductor_new_energy,材料、半导体材料与新能源材料类,材料;半导体;新能源;工艺;材料科学;工艺研发,
080414T,新能源材料与器件,0804,材料类,materials_semiconductor_new_energy,材料、半导体材料与新能源材料类,材料;半导体;新能源;工艺;材料科学;工艺研发;能源电力,
080415T,材料设计科学与工程,0804,材料类,materials_semiconductor_new_energy,材料、半导体材料与新能源材料类,材料;半导体;新能源;工艺;材料科学;工艺研发,
080416T,复合材料成型工程,0804,材料类,materials_semiconductor_new_energy,材料、半导体材料与新能源材料类,材料;半导体;新能源;工艺;材料科学;工艺研发,
080417T,智能材料与结构,0804,材料类,materials_semiconductor_new_energy,材料、半导体材料与新能源材料类,材料;半导体;新能源;工艺;材料科学;工艺研发,
080418T,光电信息材料与器件,0804,材料类,materials_semiconductor_new_energy,材料、半导体材料与新能源材料类,材料;半导体;新能源;工艺;电子信息;信号处理;材料科学;工艺研发,
080419T,生物材料,0804,材料类,materials_semiconductor_new_energy,材料、半导体材料与新能源材料类,材料;半导体;新能源;工艺;材料科学;工艺研发;过程工程;质量安全,
080420T,材料智能技术,0804,材料类,materials_semiconductor_new_energy,材料、半导体材料与新能源材料类,材料;半导体;新能源;工艺;材料科学;工艺研发,
080421T,电子信息材料,0804,材料类,materials_semiconductor_new_energy,材料、半导体材料与新能源材料类,材料;半导体;新能源;工艺;电子信息;信号处理;材料科学;工艺研发,
080422T,软物质科学与工程,0804,材料类,materials_semiconductor_new_energy,材料、半导体材料与新能源材料类,材料;半导体;新能源;工艺,
080423T,稀土材料科学与工程,0804,材料类,materials_semiconductor_new_energy,材料、半导体材料与新能源材料类,材料;半导体;新能源;工艺;材料科学;工艺研发,
080501,能源与动力工程,0805,能源动力类,energy_power_electrical,能源动力、电气与电力系统类,能源;电气;电力;新能源;能源电力,
080502T,能源与环境系统工程,0805,能源动力类,energy_power_electrical,能源动力、电气与电力系统类,能源;电气;电力;新能源;能源电力;安全合规;公共安全,
080503T,新能源科学与工程,0805,能源动力类,energy_power_electrical,能源动力、电气与电力系统类,能源;电气;电力;新能源;能源电力,
080504T,储能科学与工程,0805,能源动力类,energy_power_electrical,能源动力、电气与电力系统类,能源;电气;电力;新能源;能源电力,
080505T,能源服务工程,0805,能源动力类,energy_power_electrical,能源动力、电气与电力系统类,能源;电气;电力;新能源;能源电力,
080506TK,氢能科学与工程,0805,能源动力类,energy_power_electrical,能源动力、电气与电力系统类,能源;电气;电力;新能源;能源电力,
080507TK,可持续能源,0805,能源动力类,energy_power_electrical,能源动力、电气与电力系统类,能源;电气;电力;新能源;能源电力,
080508T,能源科学与工程,0805,能源动力类,energy_power_electrical,能源动力、电气与电力系统类,能源;电气;电力;新能源;能源电力,
080601,电气工程及其自动化,0806,电气类,energy_power_electrical,能源动力、电气与电力系统类,能源;电气;电力;新能源;自动化控制;机器人/智能装备;能源电力,
080602T,智能电网信息工程,0806,电气类,energy_power_electrical,能源动力、电气与电力系统类,能源;电气;电力;新能源;能源电力,
080603T,光源与照明,0806,电气类,energy_power_electrical,能源动力、电气与电力系统类,能源;电气;电力;新能源,
080604T,电气工程与智能控制,0806,电气类,energy_power_electrical,能源动力、电气与电力系统类,能源;电气;电力;新能源;自动化控制;机器人/智能装备;能源电力,
080605T,电机电器智能化,0806,电气类,energy_power_electrical,能源动力、电气与电力系统类,能源;电气;电力;新能源;机械设计;智能制造;能源电力,
080606T,电缆工程,0806,电气类,energy_power_electrical,能源动力、电气与电力系统类,能源;电气;电力;新能源,
080607T,能源互联网工程,0806,电气类,energy_power_electrical,能源动力、电气与电力系统类,能源;电气;电力;新能源;能源电力,
080608TK,智慧能源工程,0806,电气类,energy_power_electrical,能源动力、电气与电力系统类,能源;电气;电力;新能源;能源电力,
080609T,电动载运工程,0806,电气类,energy_power_electrical,能源动力、电气与电力系统类,能源;电气;电力;新能源,
080610TK,大功率半导体科学与工程,0806,电气类,energy_power_electrical,能源动力、电气与电力系统类,能源;电气;电力;新能源;电子信息;半导体;信号处理,
080701,电子信息工程,0807,电子信息类,electronics_communication_ic,电子信息、通信与集成电路类,硬件;信号处理;嵌入式;半导体;电子信息,可授工学或理学学士学位
080702,电子科学与技术,0807,电子信息类,electronics_communication_ic,电子信息、通信与集成电路类,硬件;信号处理;嵌入式;半导体;电子信息,可授工学或理学学士学位
080703,通信工程,0807,电子信息类,electronics_communication_ic,电子信息、通信与集成电路类,硬件;信号处理;嵌入式;半导体;电子信息,
080704,微电子科学与工程,0807,电子信息类,electronics_communication_ic,电子信息、通信与集成电路类,硬件;信号处理;嵌入式;半导体;电子信息,可授工学或理学学士学位
080705,光电信息科学与工程,0807,电子信息类,electronics_communication_ic,电子信息、通信与集成电路类,硬件;信号处理;嵌入式;半导体;电子信息,可授工学或理学学士学位
080706,信息工程,0807,电子信息类,electronics_communication_ic,电子信息、通信与集成电路类,硬件;信号处理;嵌入式;半导体,
080707T,广播电视工程,0807,电子信息类,electronics_communication_ic,电子信息、通信与集成电路类,硬件;信号处理;嵌入式;半导体,
080708T,水声工程,0807,电子信息类,electronics_communication_ic,电子信息、通信与集成电路类,硬件;信号处理;嵌入式;半导体;电子信息,
080709T,电子封装技术,0807,电子信息类,electronics_communication_ic,电子信息、通信与集成电路类,硬件;信号处理;嵌入式;半导体;电子信息,
080710T,集成电路设计与集成系统,0807,电子信息类,electronics_communication_ic,电子信息、通信与集成电路类,硬件;信号处理;嵌入式;半导体;电子信息,
080711T,医学信息工程,0807,电子信息类,electronics_communication_ic,电子信息、通信与集成电路类,硬件;信号处理;嵌入式;半导体,
080712T,电磁场与无线技术,0807,电子信息类,electronics_communication_ic,电子信息、通信与集成电路类,硬件;信号处理;嵌入式;半导体;电子信息,
080713T,电波传播与天线,0807,电子信息类,electronics_communication_ic,电子信息、通信与集成电路类,硬件;信号处理;嵌入式;半导体;电子信息,
080714T,电子信息科学与技术,0807,电子信息类,electronics_communication_ic,电子信息、通信与集成电路类,硬件;信号处理;嵌入式;半导体;电子信息,可授工学或理学学士学位
080715T,电信工程及管理,0807,电子信息类,electronics_communication_ic,电子信息、通信与集成电路类,硬件;信号处理;嵌入式;半导体,
080716T,应用电子技术教育,0807,电子信息类,electronics_communication_ic,电子信息、通信与集成电路类,硬件;信号处理;嵌入式;半导体;电子信息,
080717T,人工智能,0807,电子信息类,computer_ai_software,计算机与 AI 软件类,软件工程;数据与 AI;互联网产品;电子信息;自动化控制;数学建模,
080718T,海洋信息工程,0807,电子信息类,electronics_communication_ic,电子信息、通信与集成电路类,硬件;信号处理;嵌入式;半导体;高端装备;系统工程,
080719T,柔性电子学,0807,电子信息类,electronics_communication_ic,电子信息、通信与集成电路类,硬件;信号处理;嵌入式;半导体;电子信息,
080720T,智能测控工程,0807,电子信息类,electronics_communication_ic,电子信息、通信与集成电路类,硬件;信号处理;嵌入式;半导体;自动化控制;机器人/智能装备,
080721T,智能视觉工程,0807,电子信息类,electronics_communication_ic,电子信息、通信与集成电路类,硬件;信号处理;嵌入式;半导体,
080722T,智能视听工程,0807,电子信息类,electronics_communication_ic,电子信息、通信与集成电路类,硬件;信号处理;嵌入式;半导体,
080723TK,半导体工艺与装备,0807,电子信息类,electronics_communication_ic,电子信息、通信与集成电路类,硬件;信号处理;嵌入式;半导体;电子信息;机械设计;智能制造,
080801,自动化,0808,自动化类,automation_control_robotics,自动化、控制与机器人工程类,控制;机器人;嵌入式;智能制造;自动化控制;机器人/智能装备,
080802T,轨道交通信号与控制,0808,自动化类,automation_control_robotics,自动化、控制与机器人工程类,控制;机器人;嵌入式;智能制造;电子信息;半导体;信号处理;自动化控制,
080803T,机器人工程,0808,自动化类,automation_control_robotics,自动化、控制与机器人工程类,控制;机器人;嵌入式;智能制造;自动化控制;机器人/智能装备,
080804T,邮政工程,0808,自动化类,automation_control_robotics,自动化、控制与机器人工程类,控制;机器人;嵌入式;智能制造,
080805T,核电技术与控制工程,0808,自动化类,automation_control_robotics,自动化、控制与机器人工程类,控制;机器人;嵌入式;智能制造;自动化控制;机器人/智能装备;能源电力;新能源,
080806T,智能装备与系统,0808,自动化类,automation_control_robotics,自动化、控制与机器人工程类,控制;机器人;嵌入式;智能制造;自动化控制;机器人/智能装备;机械设计,
080807T,工业智能,0808,自动化类,automation_control_robotics,自动化、控制与机器人工程类,控制;机器人;嵌入式;智能制造,
080808T,智能工程与创意设计,0808,自动化类,automation_control_robotics,自动化、控制与机器人工程类,控制;机器人;嵌入式;智能制造,
080901,计算机科学与技术,0809,计算机类,computer_ai_software,计算机与 AI 软件类,软件工程;数据与 AI;互联网产品,可授工学或理学学士学位
080902,软件工程,0809,计算机类,computer_ai_software,计算机与 AI 软件类,软件工程;数据与 AI;互联网产品,
080903,网络工程,0809,计算机类,computer_ai_software,计算机与 AI 软件类,软件工程;数据与 AI;互联网产品,
080904K,信息安全,0809,计算机类,computer_ai_software,计算机与 AI 软件类,软件工程;数据与 AI;互联网产品;安全合规;公共安全,可授工学或理学或管理学学士学位
080905,物联网工程,0809,计算机类,computer_ai_software,计算机与 AI 软件类,软件工程;数据与 AI;互联网产品,
080906,数字媒体技术,0809,计算机类,computer_ai_software,计算机与 AI 软件类,软件工程;数据与 AI;互联网产品,
080907T,智能科学与技术,0809,计算机类,computer_ai_software,计算机与 AI 软件类,软件工程;数据与 AI;互联网产品,可授工学或理学学士学位
080908T,空间信息与数字技术,0809,计算机类,computer_ai_software,计算机与 AI 软件类,软件工程;数据与 AI;互联网产品,
080909T,电子与计算机工程,0809,计算机类,computer_ai_software,计算机与 AI 软件类,软件工程;数据与 AI;互联网产品;电子信息;半导体;信号处理,
080910T,数据科学与大数据技术,0809,计算机类,computer_ai_software,计算机与 AI 软件类,软件工程;数据与 AI;互联网产品,可授工学或理学学士学位
080911TK,网络空间安全,0809,计算机类,computer_ai_software,计算机与 AI 软件类,软件工程;数据与 AI;互联网产品;安全合规;公共安全,
080912T,新媒体技术,0809,计算机类,computer_ai_software,计算机与 AI 软件类,软件工程;数据与 AI;互联网产品,
080913T,电影制作,0809,计算机类,computer_ai_software,计算机与 AI 软件类,软件工程;数据与 AI;互联网产品,
080914TK,保密技术,0809,计算机类,computer_ai_software,计算机与 AI 软件类,软件工程;数据与 AI;互联网产品,
080915T,服务科学与工程,0809,计算机类,computer_ai_software,计算机与 AI 软件类,软件工程;数据与 AI;互联网产品,
080916T,虚拟现实技术,0809,计算机类,computer_ai_software,计算机与 AI 软件类,软件工程;数据与 AI;互联网产品,
080917T,区块链工程,0809,计算机类,computer_ai_software,计算机与 AI 软件类,软件工程;数据与 AI;互联网产品,
080918TK,密码科学与技术,0809,计算机类,computer_ai_software,计算机与 AI 软件类,软件工程;数据与 AI;互联网产品,
080919T,工业软件,0809,计算机类,computer_ai_software,计算机与 AI 软件类,软件工程;数据与 AI;互联网产品,
081001,土木工程,0810,土木类,civil_architecture_spatial_infrastructure,土木、建筑、水利与空间基础设施类,基础设施;空间信息;工程管理;BIM,
081002,建筑环境与能源应用工程,0810,土木类,civil_architecture_spatial_infrastructure,土木、建筑、水利与空间基础设施类,基础设施;空间信息;工程管理;BIM;能源电力;新能源;安全合规;公共安全,
081003,给排水科学与工程,0810,土木类,civil_architecture_spatial_infrastructure,土木、建筑、水利与空间基础设施类,基础设施;空间信息;工程管理;BIM,
081004,建筑电气与智能化,0810,土木类,civil_architecture_spatial_infrastructure,土木、建筑、水利与空间基础设施类,基础设施;空间信息;工程管理;BIM;能源电力;新能源,
081005T,城市地下空间工程,0810,土木类,civil_architecture_spatial_infrastructure,土木、建筑、水利与空间基础设施类,基础设施;空间信息;工程管理;BIM,
081006T,道路桥梁与渡河工程,0810,土木类,civil_architecture_spatial_infrastructure,土木、建筑、水利与空间基础设施类,基础设施;空间信息;工程管理;BIM,
081007T,铁道工程,0810,土木类,civil_architecture_spatial_infrastructure,土木、建筑、水利与空间基础设施类,基础设施;空间信息;工程管理;BIM,
081008T,智能建造,0810,土木类,civil_architecture_spatial_infrastructure,土木、建筑、水利与空间基础设施类,基础设施;空间信息;工程管理;BIM,
081009T,土木、水利与海洋工程,0810,土木类,civil_architecture_spatial_infrastructure,土木、建筑、水利与空间基础设施类,基础设施;空间信息;工程管理;BIM;高端装备;系统工程,
081010T,土木、水利与交通工程,0810,土木类,civil_architecture_spatial_infrastructure,土木、建筑、水利与空间基础设施类,基础设施;空间信息;工程管理;BIM,
081011T,城市水系统工程,0810,土木类,civil_architecture_spatial_infrastructure,土木、建筑、水利与空间基础设施类,基础设施;空间信息;工程管理;BIM,
081012T,智能建造与智慧交通,0810,土木类,civil_architecture_spatial_infrastructure,土木、建筑、水利与空间基础设施类,基础设施;空间信息;工程管理;BIM,
081013T,工程软件,0810,土木类,civil_architecture_spatial_infrastructure,土木、建筑、水利与空间基础设施类,基础设施;空间信息;工程管理;BIM;软件工程;数据与 AI,
081014T,城市更新,0810,土木类,civil_architecture_spatial_infrastructure,土木、建筑、水利与空间基础设施类,基础设施;空间信息;工程管理;BIM,
081101,水利水电工程,0811,水利类,civil_architecture_spatial_infrastructure,土木、建筑、水利与空间基础设施类,基础设施;空间信息;工程管理;BIM,
081102,水文与水资源工程,0811,水利类,civil_architecture_spatial_infrastructure,土木、建筑、水利与空间基础设施类,基础设施;空间信息;工程管理;BIM,
081103,港口航道与海岸工程,0811,水利类,civil_architecture_spatial_infrastructure,土木、建筑、水利与空间基础设施类,基础设施;空间信息;工程管理;BIM,
081104T,水务工程,0811,水利类,civil_architecture_spatial_infrastructure,土木、建筑、水利与空间基础设施类,基础设施;空间信息;工程管理;BIM,
081105T,水利科学与工程,0811,水利类,civil_architecture_spatial_infrastructure,土木、建筑、水利与空间基础设施类,基础设施;空间信息;工程管理;BIM,
081106T,智慧水利,0811,水利类,civil_architecture_spatial_infrastructure,土木、建筑、水利与空间基础设施类,基础设施;空间信息;工程管理;BIM,
081201,测绘工程,0812,测绘类,civil_architecture_spatial_infrastructure,土木、建筑、水利与空间基础设施类,基础设施;空间信息;工程管理;BIM,
081202,遥感科学与技术,0812,测绘类,civil_architecture_spatial_infrastructure,土木、建筑、水利与空间基础设施类,基础设施;空间信息;工程管理;BIM,
081203T,导航工程,0812,测绘类,civil_architecture_spatial_infrastructure,土木、建筑、水利与空间基础设施类,基础设施;空间信息;工程管理;BIM,
081204T,地理国情监测,0812,测绘类,civil_architecture_spatial_infrastructure,土木、建筑、水利与空间基础设施类,基础设施;空间信息;工程管理;BIM,
081205T,地理空间信息工程,0812,测绘类,civil_architecture_spatial_infrastructure,土木、建筑、水利与空间基础设施类,基础设施;空间信息;工程管理;BIM,
081206TK,时空信息工程,0812,测绘类,civil_architecture_spatial_infrastructure,土木、建筑、水利与空间基础设施类,基础设施;空间信息;工程管理;BIM,
081301,化学工程与工艺,0813,化工与制药类,chemical_pharma_process,化工、制药与过程工程类,化工;制药;工艺;安全,
081302,制药工程,0813,化工与制药类,chemical_pharma_process,化工、制药与过程工程类,化工;制药;工艺;安全;过程工程;质量安全,
081303T,资源循环科学与工程,0813,化工与制药类,chemical_pharma_process,化工、制药与过程工程类,化工;制药;工艺;安全,
081304T,能源化学工程,0813,化工与制药类,chemical_pharma_process,化工、制药与过程工程类,化工;制药;工艺;安全;能源电力;新能源,
081305T,化学工程与工业生物工程,0813,化工与制药类,chemical_pharma_process,化工、制药与过程工程类,化工;制药;工艺;安全;过程工程;质量安全,
081306T,化工安全工程,0813,化工与制药类,chemical_pharma_process,化工、制药与过程工程类,化工;制药;工艺;安全;过程工程;质量安全;安全合规;公共安全,
081307T,涂料工程,0813,化工与制药类,chemical_pharma_process,化工、制药与过程工程类,化工;制药;工艺;安全,
081308T,精细化工,0813,化工与制药类,chemical_pharma_process,化工、制药与过程工程类,化工;制药;工艺;安全;过程工程;质量安全,
081309T,智能分子工程,0813,化工与制药类,chemical_pharma_process,化工、制药与过程工程类,化工;制药;工艺;安全,
081401,地质工程,0814,地质类,resources_environment_safety,资源、地质、矿业、环境与安全类,资源;环境;安全;现场工程,
081402,勘查技术与工程,0814,地质类,resources_environment_safety,资源、地质、矿业、环境与安全类,资源;环境;安全;现场工程,
081403K,资源勘查工程,0814,地质类,resources_environment_safety,资源、地质、矿业、环境与安全类,资源;环境;安全;现场工程,
081404T,地下水科学与工程,0814,地质类,resources_environment_safety,资源、地质、矿业、环境与安全类,资源;环境;安全;现场工程,
081405T,旅游地学与规划工程,0814,地质类,resources_environment_safety,资源、地质、矿业、环境与安全类,资源;环境;安全;现场工程,
081406T,智能地球探测,0814,地质类,resources_environment_safety,资源、地质、矿业、环境与安全类,资源;环境;安全;现场工程,
081407T,资源环境大数据工程,0814,地质类,resources_environment_safety,资源、地质、矿业、环境与安全类,资源;环境;安全;现场工程;软件工程;数据与 AI;安全合规;公共安全,
081501,采矿工程,0815,矿业类,resources_environment_safety,资源、地质、矿业、环境与安全类,资源;环境;安全;现场工程,
081502,石油工程,0815,矿业类,resources_environment_safety,资源、地质、矿业、环境与安全类,资源;环境;安全;现场工程,
081503,矿物加工工程,0815,矿业类,resources_environment_safety,资源、地质、矿业、环境与安全类,资源;环境;安全;现场工程,
081504,油气储运工程,0815,矿业类,resources_environment_safety,资源、地质、矿业、环境与安全类,资源;环境;安全;现场工程,
081505T,矿物资源工程,0815,矿业类,resources_environment_safety,资源、地质、矿业、环境与安全类,资源;环境;安全;现场工程,
081506T,海洋油气工程,0815,矿业类,resources_environment_safety,资源、地质、矿业、环境与安全类,资源;环境;安全;现场工程;高端装备;系统工程,
081507T,智能采矿工程,0815,矿业类,resources_environment_safety,资源、地质、矿业、环境与安全类,资源;环境;安全;现场工程,
081508TK,碳储科学与工程,0815,矿业类,resources_environment_safety,资源、地质、矿业、环境与安全类,资源;环境;安全;现场工程,
081509TK,稀土科学与工程,0815,矿业类,resources_environment_safety,资源、地质、矿业、环境与安全类,资源;环境;安全;现场工程;材料科学;工艺研发,
081601,纺织工程,0816,纺织类,textile_light_food_consumer_manufacturing,纺织、轻工、食品与消费品制造类,消费品制造;质量安全;工艺;供应链,
081602,服装设计与工程,0816,纺织类,textile_light_food_consumer_manufacturing,纺织、轻工、食品与消费品制造类,消费品制造;质量安全;工艺;供应链,可授工学或艺术学学士学位
081603T,非织造材料与工程,0816,纺织类,textile_light_food_consumer_manufacturing,纺织、轻工、食品与消费品制造类,消费品制造;质量安全;工艺;供应链;材料科学;工艺研发,
081604T,服装设计与工艺教育,0816,纺织类,textile_light_food_consumer_manufacturing,纺织、轻工、食品与消费品制造类,消费品制造;质量安全;工艺;供应链,
081605T,丝绸设计与工程,0816,纺织类,textile_light_food_consumer_manufacturing,纺织、轻工、食品与消费品制造类,消费品制造;质量安全;工艺;供应链,
081606T,纤维科学与智能制造,0816,纺织类,textile_light_food_consumer_manufacturing,纺织、轻工、食品与消费品制造类,消费品制造;质量安全;工艺;供应链;机械设计;智能制造,
081701,轻化工程,0817,轻工类,textile_light_food_consumer_manufacturing,纺织、轻工、食品与消费品制造类,消费品制造;质量安全;工艺;供应链;过程工程,
081702,包装工程,0817,轻工类,textile_light_food_consumer_manufacturing,纺织、轻工、食品与消费品制造类,消费品制造;质量安全;工艺;供应链,
081703,印刷工程,0817,轻工类,textile_light_food_consumer_manufacturing,纺织、轻工、食品与消费品制造类,消费品制造;质量安全;工艺;供应链,
081704T,香料香精技术与工程,0817,轻工类,textile_light_food_consumer_manufacturing,纺织、轻工、食品与消费品制造类,消费品制造;质量安全;工艺;供应链;过程工程,
081705T,化妆品技术与工程,0817,轻工类,textile_light_food_consumer_manufacturing,纺织、轻工、食品与消费品制造类,消费品制造;质量安全;工艺;供应链;过程工程,
081706TK,生物质能源与材料,0817,轻工类,textile_light_food_consumer_manufacturing,纺织、轻工、食品与消费品制造类,消费品制造;质量安全;工艺;供应链;材料科学;工艺研发;能源电力;新能源,
081707T,生物质技术与工程,0817,轻工类,textile_light_food_consumer_manufacturing,纺织、轻工、食品与消费品制造类,消费品制造;质量安全;工艺;供应链;过程工程,
081801,交通运输,0818,交通运输类,transportation_mobility,交通运输、轨道与航运运行类,交通;系统工程;运行管理;调度优化;基础设施;空间信息,
081802,交通工程,0818,交通运输类,transportation_mobility,交通运输、轨道与航运运行类,交通;系统工程;运行管理;调度优化;基础设施;空间信息,
081803K,航海技术,0818,交通运输类,transportation_mobility,交通运输、轨道与航运运行类,交通;系统工程;运行管理;调度优化,
081804K,轮机工程,0818,交通运输类,transportation_mobility,交通运输、轨道与航运运行类,交通;系统工程;运行管理;调度优化,
081805K,飞行技术,0818,交通运输类,transportation_mobility,交通运输、轨道与航运运行类,交通;系统工程;运行管理;调度优化,
081806T,交通设备与控制工程,0818,交通运输类,transportation_mobility,交通运输、轨道与航运运行类,交通;系统工程;运行管理;调度优化;自动化控制;机器人/智能装备;基础设施;空间信息,
081807T,救助与打捞工程,0818,交通运输类,transportation_mobility,交通运输、轨道与航运运行类,交通;系统工程;运行管理;调度优化,
081808TK,船舶电子电气工程,0818,交通运输类,transportation_mobility,交通运输、轨道与航运运行类,交通;系统工程;运行管理;调度优化;电子信息;半导体;信号处理;能源电力,
081809T,轨道交通电气与控制,0818,交通运输类,transportation_mobility,交通运输、轨道与航运运行类,交通;系统工程;运行管理;调度优化;自动化控制;机器人/智能装备;能源电力;新能源,
081810T,邮轮工程与管理,0818,交通运输类,transportation_mobility,交通运输、轨道与航运运行类,交通;系统工程;运行管理;调度优化,
081811T,智慧交通,0818,交通运输类,transportation_mobility,交通运输、轨道与航运运行类,交通;系统工程;运行管理;调度优化;基础设施;空间信息,
081812T,智能运输工程,0818,交通运输类,transportation_mobility,交通运输、轨道与航运运行类,交通;系统工程;运行管理;调度优化,
081813T,交通能源融合工程,0818,交通运输类,transportation_mobility,交通运输、轨道与航运运行类,交通;系统工程;运行管理;调度优化;能源电力;新能源;基础设施;空间信息,
081901,船舶与海洋工程,0819,海洋工程类,aerospace_marine_defense_nuclear,航空航天、海洋、兵器与核工程类,高端装备;系统工程;控制;仿真,
081902T,海洋工程与技术,0819,海洋工程类,aerospace_marine_defense_nuclear,航空航天、海洋、兵器与核工程类,高端装备;系统工程;控制;仿真,
081903T,海洋资源开发技术,0819,海洋工程类,aerospace_marine_defense_nuclear,航空航天、海洋、兵器与核工程类,高端装备;系统工程;控制;仿真,
081904T,海洋机器人,0819,海洋工程类,aerospace_marine_defense_nuclear,航空航天、海洋、兵器与核工程类,高端装备;系统工程;控制;仿真;自动化控制;机器人/智能装备,
081905T,智慧海洋技术,0819,海洋工程类,aerospace_marine_defense_nuclear,航空航天、海洋、兵器与核工程类,高端装备;系统工程;控制;仿真,
081906T,智能海洋装备,0819,海洋工程类,aerospace_marine_defense_nuclear,航空航天、海洋、兵器与核工程类,高端装备;系统工程;控制;仿真;机械设计;智能制造,
081907T,海洋智能与无人技术,0819,海洋工程类,aerospace_marine_defense_nuclear,航空航天、海洋、兵器与核工程类,高端装备;系统工程;控制;仿真,
082001,航空航天工程,0820,航空航天类,aerospace_marine_defense_nuclear,航空航天、海洋、兵器与核工程类,高端装备;系统工程;控制;仿真,
082002,飞行器设计与工程,0820,航空航天类,aerospace_marine_defense_nuclear,航空航天、海洋、兵器与核工程类,高端装备;系统工程;控制;仿真,
082003,飞行器制造工程,0820,航空航天类,aerospace_marine_defense_nuclear,航空航天、海洋、兵器与核工程类,高端装备;系统工程;控制;仿真;机械设计;智能制造,
082004,飞行器动力工程,0820,航空航天类,aerospace_marine_defense_nuclear,航空航天、海洋、兵器与核工程类,高端装备;系统工程;控制;仿真,
082005,飞行器环境与生命保障工程,0820,航空航天类,aerospace_marine_defense_nuclear,航空航天、海洋、兵器与核工程类,高端装备;系统工程;控制;仿真;安全合规;公共安全,
082006T,飞行器质量与可靠性,0820,航空航天类,aerospace_marine_defense_nuclear,航空航天、海洋、兵器与核工程类,高端装备;系统工程;控制;仿真,
082007T,飞行器适航技术,0820,航空航天类,aerospace_marine_defense_nuclear,航空航天、海洋、兵器与核工程类,高端装备;系统工程;控制;仿真,
082008T,飞行器控制与信息工程,0820,航空航天类,aerospace_marine_defense_nuclear,航空航天、海洋、兵器与核工程类,高端装备;系统工程;控制;仿真;自动化控制;机器人/智能装备,
082009T,无人驾驶航空器系统工程,0820,航空航天类,aerospace_marine_defense_nuclear,航空航天、海洋、兵器与核工程类,高端装备;系统工程;控制;仿真,
082010T,智能飞行器技术,0820,航空航天类,aerospace_marine_defense_nuclear,航空航天、海洋、兵器与核工程类,高端装备;系统工程;控制;仿真,
082011T,空天智能电推进技术,0820,航空航天类,aerospace_marine_defense_nuclear,航空航天、海洋、兵器与核工程类,高端装备;系统工程;控制;仿真,
082012T,飞行器运维工程,0820,航空航天类,aerospace_marine_defense_nuclear,航空航天、海洋、兵器与核工程类,高端装备;系统工程;控制;仿真,
082101,武器系统与工程,0821,兵器类,aerospace_marine_defense_nuclear,航空航天、海洋、兵器与核工程类,高端装备;系统工程;控制;仿真,
082102,武器发射工程,0821,兵器类,aerospace_marine_defense_nuclear,航空航天、海洋、兵器与核工程类,高端装备;系统工程;控制;仿真,
082103,探测制导与控制技术,0821,兵器类,aerospace_marine_defense_nuclear,航空航天、海洋、兵器与核工程类,高端装备;系统工程;控制;仿真;自动化控制;机器人/智能装备,
082104,弹药工程与爆炸技术,0821,兵器类,aerospace_marine_defense_nuclear,航空航天、海洋、兵器与核工程类,高端装备;系统工程;控制;仿真,
082105,特种能源技术与工程,0821,兵器类,aerospace_marine_defense_nuclear,航空航天、海洋、兵器与核工程类,高端装备;系统工程;控制;仿真;能源电力;新能源,
082106,装甲车辆工程,0821,兵器类,aerospace_marine_defense_nuclear,航空航天、海洋、兵器与核工程类,高端装备;系统工程;控制;仿真;机械设计;智能制造,
082107,信息对抗技术,0821,兵器类,aerospace_marine_defense_nuclear,航空航天、海洋、兵器与核工程类,高端装备;系统工程;控制;仿真,
082108T,智能无人系统技术,0821,兵器类,aerospace_marine_defense_nuclear,航空航天、海洋、兵器与核工程类,高端装备;系统工程;控制;仿真,
082201,核工程与核技术,0822,核工程类,aerospace_marine_defense_nuclear,航空航天、海洋、兵器与核工程类,高端装备;系统工程;控制;仿真;能源电力;新能源,
082202,辐射防护与核安全,0822,核工程类,aerospace_marine_defense_nuclear,航空航天、海洋、兵器与核工程类,高端装备;系统工程;控制;仿真;能源电力;新能源;安全合规;公共安全,
082203,工程物理,0822,核工程类,aerospace_marine_defense_nuclear,航空航天、海洋、兵器与核工程类,高端装备;系统工程;控制;仿真,
082204,核化工与核燃料工程,0822,核工程类,aerospace_marine_defense_nuclear,航空航天、海洋、兵器与核工程类,高端装备;系统工程;控制;仿真;能源电力;新能源;过程工程;质量安全,
082301,农业工程,0823,农业工程类,agriculture_forestry_equipment,农业、林业与生态装备工程类,农林工程;装备;材料;生态,
082302,农业机械化及其自动化,0823,农业工程类,agriculture_forestry_equipment,农业、林业与生态装备工程类,农林工程;装备;材料;生态;自动化控制;机器人/智能装备;机械设计;智能制造,
082303,农业电气化,0823,农业工程类,agriculture_forestry_equipment,农业、林业与生态装备工程类,农林工程;装备;材料;生态;能源电力;新能源,
082304,农业建筑环境与能源工程,0823,农业工程类,agriculture_forestry_equipment,农业、林业与生态装备工程类,农林工程;装备;材料;生态;能源电力;新能源;基础设施;空间信息,
082305,农业水利工程,0823,农业工程类,agriculture_forestry_equipment,农业、林业与生态装备工程类,农林工程;装备;材料;生态;基础设施;空间信息,
082306T,土地整治工程,0823,农业工程类,agriculture_forestry_equipment,农业、林业与生态装备工程类,农林工程;装备;材料;生态,
082307T,农业智能装备工程,0823,农业工程类,agriculture_forestry_equipment,农业、林业与生态装备工程类,农林工程;装备;材料;生态;自动化控制;机器人/智能装备;机械设计;智能制造,
082308T,农业机器人,0823,农业工程类,agriculture_forestry_equipment,农业、林业与生态装备工程类,农林工程;装备;材料;生态;自动化控制;机器人/智能装备,
082401,森林工程,0824,林业工程类,agriculture_forestry_equipment,农业、林业与生态装备工程类,农林工程;装备;材料;生态,
082402,木材科学与工程,0824,林业工程类,agriculture_forestry_equipment,农业、林业与生态装备工程类,农林工程;装备;材料;生态,
082403,林产化工,0824,林业工程类,agriculture_forestry_equipment,农业、林业与生态装备工程类,农林工程;装备;材料;生态;过程工程;质量安全,
082404T,家具设计与工程,0824,林业工程类,agriculture_forestry_equipment,农业、林业与生态装备工程类,农林工程;装备;材料;生态,
082405T,木结构建筑与材料,0824,林业工程类,agriculture_forestry_equipment,农业、林业与生态装备工程类,农林工程;装备;材料;生态;材料科学;工艺研发;基础设施;空间信息,
082501,环境科学与工程,0825,环境科学与工程类,resources_environment_safety,资源、地质、矿业、环境与安全类,资源;环境;安全;现场工程;安全合规;公共安全,
082502,环境工程,0825,环境科学与工程类,resources_environment_safety,资源、地质、矿业、环境与安全类,资源;环境;安全;现场工程;安全合规;公共安全,
082503,环境科学,0825,环境科学与工程类,resources_environment_safety,资源、地质、矿业、环境与安全类,资源;环境;安全;现场工程;安全合规;公共安全,可授工学或理学学士学位
082504,环境生态工程,0825,环境科学与工程类,resources_environment_safety,资源、地质、矿业、环境与安全类,资源;环境;安全;现场工程;安全合规;公共安全,
082505T,环保设备工程,0825,环境科学与工程类,resources_environment_safety,资源、地质、矿业、环境与安全类,资源;环境;安全;现场工程,
082506T,资源环境科学,0825,环境科学与工程类,resources_environment_safety,资源、地质、矿业、环境与安全类,资源;环境;安全;现场工程;安全合规;公共安全,可授工学或理学学士学位
082507T,水质科学与技术,0825,环境科学与工程类,resources_environment_safety,资源、地质、矿业、环境与安全类,资源;环境;安全;现场工程,
082601,生物医学工程,0826,生物医学工程类,biomedical_bioengineering_health,生物医学、生物工程与健康工程类,生物医学;医疗器械;生物制造;法规质量;过程工程;质量安全,可授工学或理学学士学位
082602T,假肢矫形工程,0826,生物医学工程类,biomedical_bioengineering_health,生物医学、生物工程与健康工程类,生物医学;医疗器械;生物制造;法规质量,
082603T,临床工程技术,0826,生物医学工程类,biomedical_bioengineering_health,生物医学、生物工程与健康工程类,生物医学;医疗器械;生物制造;法规质量,
082604T,康复工程,0826,生物医学工程类,biomedical_bioengineering_health,生物医学、生物工程与健康工程类,生物医学;医疗器械;生物制造;法规质量,
082605T,健康科学与技术,0826,生物医学工程类,biomedical_bioengineering_health,生物医学、生物工程与健康工程类,生物医学;医疗器械;生物制造;法规质量,
082701,食品科学与工程,0827,食品科学与工程类,textile_light_food_consumer_manufacturing,纺织、轻工、食品与消费品制造类,消费品制造;质量安全;工艺;供应链;过程工程,可授工学或农学学士学位
082702,食品质量与安全,0827,食品科学与工程类,textile_light_food_consumer_manufacturing,纺织、轻工、食品与消费品制造类,消费品制造;质量安全;工艺;供应链;过程工程;安全合规;公共安全,
082703,粮食工程,0827,食品科学与工程类,textile_light_food_consumer_manufacturing,纺织、轻工、食品与消费品制造类,消费品制造;质量安全;工艺;供应链,
082704,乳品工程,0827,食品科学与工程类,textile_light_food_consumer_manufacturing,纺织、轻工、食品与消费品制造类,消费品制造;质量安全;工艺;供应链,
082705,酿酒工程,0827,食品科学与工程类,textile_light_food_consumer_manufacturing,纺织、轻工、食品与消费品制造类,消费品制造;质量安全;工艺;供应链,
082706T,葡萄与葡萄酒工程,0827,食品科学与工程类,textile_light_food_consumer_manufacturing,纺织、轻工、食品与消费品制造类,消费品制造;质量安全;工艺;供应链,
082707T,食品营养与检验教育,0827,食品科学与工程类,textile_light_food_consumer_manufacturing,纺织、轻工、食品与消费品制造类,消费品制造;质量安全;工艺;供应链;过程工程,
082708T,烹饪与营养教育,0827,食品科学与工程类,textile_light_food_consumer_manufacturing,纺织、轻工、食品与消费品制造类,消费品制造;质量安全;工艺;供应链,
082709T,食品安全与检测,0827,食品科学与工程类,textile_light_food_consumer_manufacturing,纺织、轻工、食品与消费品制造类,消费品制造;质量安全;工艺;供应链;过程工程;安全合规;公共安全,
082710T,食品营养与健康,0827,食品科学与工程类,textile_light_food_consumer_manufacturing,纺织、轻工、食品与消费品制造类,消费品制造;质量安全;工艺;供应链;过程工程,
082711T,食用菌科学与工程,0827,食品科学与工程类,textile_light_food_consumer_manufacturing,纺织、轻工、食品与消费品制造类,消费品制造;质量安全;工艺;供应链,
082712T,白酒酿造工程,0827,食品科学与工程类,textile_light_food_consumer_manufacturing,纺织、轻工、食品与消费品制造类,消费品制造;质量安全;工艺;供应链,
082713T,咖啡科学与工程,0827,食品科学与工程类,textile_light_food_consumer_manufacturing,纺织、轻工、食品与消费品制造类,消费品制造;质量安全;工艺;供应链,
082801,建筑学,0828,建筑类,civil_architecture_spatial_infrastructure,土木、建筑、水利与空间基础设施类,基础设施;空间信息;工程管理;BIM,
082802,城乡规划,0828,建筑类,civil_architecture_spatial_infrastructure,土木、建筑、水利与空间基础设施类,基础设施;空间信息;工程管理;BIM,
082803,风景园林,0828,建筑类,civil_architecture_spatial_infrastructure,土木、建筑、水利与空间基础设施类,基础设施;空间信息;工程管理;BIM,可授工学或艺术学学士学位
082804T,历史建筑保护工程,0828,建筑类,civil_architecture_spatial_infrastructure,土木、建筑、水利与空间基础设施类,基础设施;空间信息;工程管理;BIM,
082805T,人居环境科学与技术,0828,建筑类,civil_architecture_spatial_infrastructure,土木、建筑、水利与空间基础设施类,基础设施;空间信息;工程管理;BIM;安全合规;公共安全,
082806T,城市设计,0828,建筑类,civil_architecture_spatial_infrastructure,土木、建筑、水利与空间基础设施类,基础设施;空间信息;工程管理;BIM,
082807T,智慧建筑与建造,0828,建筑类,civil_architecture_spatial_infrastructure,土木、建筑、水利与空间基础设施类,基础设施;空间信息;工程管理;BIM,
082808T,智慧景观营造,0828,建筑类,civil_architecture_spatial_infrastructure,土木、建筑、水利与空间基础设施类,基础设施;空间信息;工程管理;BIM,
082901,安全工程,0829,安全科学与工程类,resources_environment_safety,资源、地质、矿业、环境与安全类,资源;环境;安全;现场工程;安全合规;公共安全,
082902T,应急技术与管理,0829,安全科学与工程类,resources_environment_safety,资源、地质、矿业、环境与安全类,资源;环境;安全;现场工程;安全合规;公共安全,
082903T,职业卫生工程,0829,安全科学与工程类,resources_environment_safety,资源、地质、矿业、环境与安全类,资源;环境;安全;现场工程,
082904T,安全生产监管,0829,安全科学与工程类,resources_environment_safety,资源、地质、矿业、环境与安全类,资源;环境;安全;现场工程;安全合规;公共安全,
082905TK,智慧应急,0829,安全科学与工程类,resources_environment_safety,资源、地质、矿业、环境与安全类,资源;环境;安全;现场工程;安全合规;公共安全,
083001,生物工程,0830,生物工程类,biomedical_bioengineering_health,生物医学、生物工程与健康工程类,生物医学;医疗器械;生物制造;法规质量;过程工程;质量安全,
083002T,生物制药,0830,生物工程类,biomedical_bioengineering_health,生物医学、生物工程与健康工程类,生物医学;医疗器械;生物制造;法规质量;过程工程;质量安全,
083003T,合成生物学,0830,生物工程类,biomedical_bioengineering_health,生物医学、生物工程与健康工程类,生物医学;医疗器械;生物制造;法规质量;过程工程;质量安全,
083004T,生物制造,0830,生物工程类,biomedical_bioengineering_health,生物医学、生物工程与健康工程类,生物医学;医疗器械;生物制造;法规质量;机械设计;智能制造;过程工程;质量安全,
083101K,刑事科学技术,0831,公安技术类,public_security_technical_engineering,公安技术、消防与公共安全工程类,公共安全;消防;网络安全;应急,
083102K,消防工程,0831,公安技术类,public_security_technical_engineering,公安技术、消防与公共安全工程类,公共安全;消防;网络安全;应急;安全合规,
083103TK,交通管理工程,0831,公安技术类,public_security_technical_engineering,公安技术、消防与公共安全工程类,公共安全;消防;网络安全;应急;基础设施;空间信息,
083104TK,安全防范工程,0831,公安技术类,public_security_technical_engineering,公安技术、消防与公共安全工程类,公共安全;消防;网络安全;应急;安全合规,
083105TK,公安视听技术,0831,公安技术类,public_security_technical_engineering,公安技术、消防与公共安全工程类,公共安全;消防;网络安全;应急;安全合规,
083106TK,抢险救援指挥与技术,0831,公安技术类,public_security_technical_engineering,公安技术、消防与公共安全工程类,公共安全;消防;网络安全;应急;安全合规,
083107TK,火灾勘查,0831,公安技术类,public_security_technical_engineering,公安技术、消防与公共安全工程类,公共安全;消防;网络安全;应急,
083108TK,网络安全与执法,0831,公安技术类,public_security_technical_engineering,公安技术、消防与公共安全工程类,公共安全;消防;网络安全;应急;软件工程;数据与 AI;安全合规,
083109TK,核生化消防,0831,公安技术类,public_security_technical_engineering,公安技术、消防与公共安全工程类,公共安全;消防;网络安全;应急;能源电力;新能源;安全合规,
083110TK,海警舰艇指挥与技术,0831,公安技术类,public_security_technical_engineering,公安技术、消防与公共安全工程类,公共安全;消防;网络安全;应急,
083111TK,数据警务技术,0831,公安技术类,public_security_technical_engineering,公安技术、消防与公共安全工程类,公共安全;消防;网络安全;应急;软件工程;数据与 AI;安全合规,
083112TK,食品药品环境犯罪侦查技术,0831,公安技术类,public_security_technical_engineering,公安技术、消防与公共安全工程类,公共安全;消防;网络安全;应急;过程工程;质量安全;安全合规,
083113TK,低空安全管理,0831,公安技术类,public_security_technical_engineering,公安技术、消防与公共安全工程类,公共安全;消防;网络安全;应急;安全合规,
